{"payload":{"file_name":"C:\\Users\\nis44\\AppData\\Local\\Programs\\Python\\Python311\\Scripts\\uvicorn","message_id":1},"type":"file_name"}
{"payload":{"additional_params":{"assetId":"409c79aea9494f5d8c4f4ed3027faa02","context":null,"extension":"py","fileName":"C:\\Documents\\RAG-SYSTEMS\\6.observability\\app\\comet_setup.py","overwrite":false,"runId":"IxJ3ZrBCBHy7TCwdyQjneumMz","step":null,"type":"source_code"},"clean":true,"file_path":"tmph0telmgp","local_timestamp":1750334376468,"message_id":2,"metadata":{"source_code_type":"experiment_creation"},"upload_type":"source_code"},"type":"file_upload"}
{"payload":{"installed_packages":["absl-py==2.1.0","aiofiles==24.1.0","aiohappyeyeballs==2.4.4","aiohttp==3.11.11","aiosignal==1.3.2","altair==5.5.0","annotated-types==0.7.0","anyio==4.1.0","appdirs==1.4.4","argon2-cffi==23.1.0","argon2-cffi-bindings==21.2.0","arrow==1.3.0","asttokens==2.4.1","astunparse==1.6.3","async-lru==2.0.4","attrs==23.1.0","babel==2.13.1","backoff==2.2.1","beautifulsoup4==4.12.2","bleach==6.1.0","blinker==1.9.0","cachetools==5.5.1","certifi==2023.11.17","cffi==1.16.0","chardet==5.2.0","charset-normalizer==3.3.2","click==8.1.8","colorama==0.4.6","comet_ml==3.49.11","comm==0.2.0","configobj==5.0.9","cryptography==44.0.2","dataclasses-json==0.6.7","datasets==3.6.0","debugpy==1.8.0","decorator==5.1.1","defusedxml==0.7.1","dill==0.3.8","diskcache==5.6.3","distro==1.9.0","dnspython==2.7.0","dulwich==0.22.8","email_validator==2.2.0","emoji==2.14.1","eval_type_backport==0.2.2","everett==3.1.0","executing==2.0.1","faiss-cpu==1.10.0","fastapi==0.115.6","fastapi-cli==0.0.7","fastjsonschema==2.19.0","filelock==3.17.0","filetype==1.2.0","flatbuffers==24.3.25","fqdn==1.5.1","frozenlist==1.5.0","fsspec==2025.3.0","gast==0.6.0","gitdb==4.0.12","gitpython==3.1.44","google-ai-generativelanguage==0.6.16","google-api-core==2.24.2","google-api-python-client==2.164.0","google-auth==2.38.0","google-auth-httplib2==0.2.0","google-generativeai==0.8.4","google-pasta==0.2.0","googleapis-common-protos==1.69.1","greenlet==3.1.1","groq==0.28.0","grpcio==1.71.0","grpcio-status==1.71.0","h11==0.14.0","h5py==3.11.0","html5lib==1.1","httpcore==1.0.7","httplib2==0.22.0","httptools==0.6.4","httpx==0.28.1","httpx-sse==0.4.0","huggingface-hub==0.29.3","idna==3.6","ipykernel==6.27.1","ipython==8.18.1","ipywidgets==8.1.1","isoduration==20.11.0","itsdangerous==2.2.0","jedi==0.19.1","jinja2==3.1.2","jiter==0.10.0","joblib==1.4.2","json5==0.9.14","jsonpatch==1.33","jsonpointer==2.4","jsonschema==4.20.0","jsonschema-specifications==2023.11.2","jupyter==1.0.0","jupyter-console==6.6.3","jupyter-events==0.9.0","jupyter-lsp==2.2.1","jupyter_client==8.6.0","jupyter_core==5.5.0","jupyter_server==2.12.1","jupyter_server_terminals==0.4.4","jupyterlab==4.0.9","jupyterlab-widgets==3.0.9","jupyterlab_pygments==0.3.0","jupyterlab_server==2.25.2","keras==3.5.0","langchain==0.3.20","langchain-community==0.3.19","langchain-core==0.3.65","langchain-google-genai==2.1.0","langchain-groq==0.3.2","langchain-huggingface==0.1.2","langchain-openai==0.3.24","langchain-text-splitters==0.3.6","langdetect==1.0.9","langsmith==0.3.45","libclang==18.1.1","lxml==5.3.1","markdown==3.7","markdown-it-py==3.0.0","markupsafe==2.1.3","marshmallow==3.26.1","matplotlib-inline==0.1.6","mdurl==0.1.2","mistune==3.0.2","ml_dtypes==0.5.1","mpmath==1.3.0","multidict==6.1.0","multiprocess==0.70.16","mypy-extensions==1.0.0","mysql-connector-python==9.1.0","namex==0.0.8","narwhals==1.23.0","nbclient==0.9.0","nbconvert==7.12.0","nbformat==5.9.2","nest-asyncio==1.6.0","networkx==3.4.2","nltk==3.9.1","notebook==7.0.6","notebook_shim==0.2.3","numpy==1.26.2","olefile==0.47","ollama==0.4.7","openai==1.88.0","opt-einsum==3.3.0","optree==0.12.1","orjson==3.10.14","overrides==7.4.0","packaging==23.2","pandas==2.1.3","pandocfilters==1.5.0","parso==0.8.3","pillow==11.1.0","pip==24.3.1","platformdirs==4.1.0","prometheus-client==0.19.0","prompt-toolkit==3.0.41","propcache==0.2.1","proto-plus==1.26.1","protobuf==5.29.3","psutil==5.9.6","pure-eval==0.2.2","pyarrow==19.0.0","pyasn1==0.6.1","pyasn1_modules==0.4.1","pycparser==2.21","pydantic==2.10.5","pydantic-extra-types==2.10.1","pydantic-settings==2.7.1","pydantic_core==2.27.2","pydeck==0.9.1","pygments==2.17.2","pyparsing==3.2.1","pypdf==5.3.1","python-box==6.1.0","python-dateutil==2.8.2","python-dotenv==1.0.1","python-iso639==2025.2.18","python-json-logger==2.0.7","python-magic==0.4.27","python-multipart==0.0.20","python-oxmsg==0.0.2","pytz==2023.3.post1","pywin32==306","pywinpty==2.0.12","pyyaml==6.0.1","pyzmq==25.1.2","qtconsole==5.5.1","qtpy==2.4.1","ragas==0.2.15","rapidfuzz==3.12.2","referencing==0.32.0","regex==2024.11.6","requests==2.32.4","requests-toolbelt==1.0.0","rfc3339-validator==0.1.4","rfc3986-validator==0.1.1","rich==13.8.0","rich-toolkit==0.12.0","rpds-py==0.13.2","rsa==4.9","safetensors==0.5.3","scikit-learn==1.6.1","scipy==1.15.2","semantic-version==2.10.0","send2trash==1.8.2","sentence-transformers==3.4.1","sentry-sdk==2.30.0","setuptools==75.7.0","shellingham==1.5.4","simplejson==3.20.1","six==1.16.0","smmap==5.0.2","sniffio==1.3.0","soupsieve==2.5","sqlalchemy==2.0.37","stack-data==0.6.3","starlette==0.41.3","streamlit==1.41.1","sympy==1.13.1","tenacity==9.0.0","tensorboard==2.19.0","tensorboard-data-server==0.7.2","tensorflow==2.19.0","tensorflow-intel==2.17.0","tensorflow-io-gcs-filesystem==0.31.0","termcolor==2.4.0","terminado==0.18.0","tf_keras==2.19.0","threadpoolctl==3.5.0","tiktoken==0.9.0","tinycss2==1.2.1","tokenizers==0.21.0","toml==0.10.2","torch==2.6.0","tornado==6.4","tqdm==4.67.1","traitlets==5.14.0","transformers==4.49.0","typer==0.15.1","types-python-dateutil==2.8.19.14","typing-inspect==0.9.0","typing-inspection==0.4.0","typing_extensions==4.12.2","tzdata==2023.3","ujson==5.10.0","unstructured==0.17.0","unstructured-client==0.31.1","uri-template==1.3.0","uritemplate==4.1.1","urllib3==2.1.0","uvicorn==0.34.0","watchdog==6.0.0","watchfiles==1.0.4","wcwidth==0.2.12","webcolors==1.13","webencodings==0.5.1","websocket-client==1.7.0","websockets==14.1","werkzeug==3.0.4","wheel==0.44.0","widgetsnbextension==4.0.9","wrapt==1.16.0","wurlitzer==3.1.1","xxhash==3.5.0","yarl==1.18.3","zstandard==0.23.0"],"message_id":3},"type":"installed_packages"}
{"payload":{"command":["C:\\Users\\nis44\\AppData\\Local\\Programs\\Python\\Python311\\Scripts\\uvicorn","api_server:app","--host","0.0.0.0","--port","8500","--reload"],"env":null,"hostname":"Nishanthan","ip":"192.168.31.160","machine":"AMD64","message_id":4,"os":"Windows-10-10.0.26100-SP0","os_release":"10","os_type":"Windows","pid":24656,"processor":"Intel64 Family 6 Model 154 Stepping 4, GenuineIntel","python_exe":"C:\\Users\\nis44\\AppData\\Local\\Programs\\Python\\Python311\\python.exe","python_version":"3.11.6","python_version_verbose":"3.11.6 (tags/v3.11.6:8b6ee5b, Oct  2 2023, 14:57:12) [MSC v.1935 64 bit (AMD64)]","user":"nis44"},"type":"system_details"}
{"payload":{"local_timestamp":1750334377613,"message_id":5,"param":{"paramName":"run_arg_0","paramValue":"api_server:app","source":"cli","step":null}},"type":"parameter_msg"}
{"payload":{"local_timestamp":1750334377615,"message_id":6,"param":{"paramName":"run_arg_1","paramValue":"--host","source":"cli","step":null}},"type":"parameter_msg"}
{"payload":{"local_timestamp":1750334377615,"message_id":7,"param":{"paramName":"run_arg_2","paramValue":"0.0.0.0","source":"cli","step":null}},"type":"parameter_msg"}
{"payload":{"local_timestamp":1750334377615,"message_id":8,"param":{"paramName":"run_arg_3","paramValue":"--port","source":"cli","step":null}},"type":"parameter_msg"}
{"payload":{"local_timestamp":1750334377615,"message_id":9,"param":{"paramName":"run_arg_4","paramValue":"8500","source":"cli","step":null}},"type":"parameter_msg"}
{"payload":{"local_timestamp":1750334377615,"message_id":10,"param":{"paramName":"run_arg_5","paramValue":"--reload","source":"cli","step":null}},"type":"parameter_msg"}
{"payload":{"local_timestamp":1750334377628,"message_id":11,"output":"\u001b[1;38;5;39mCOMET INFO:\u001b[0m Experiment is live on comet.com \u001b[38;5;39mhttps://www.comet.com/nishanthan-sureshkumar/rag-observability/96c0520cb03248daa7e04fa8c62191f9\u001b[0m\n\n","stderr":true},"type":"standard_output"}
{"payload":{"git_metadata":{"branch":"refs/heads/main","origin":"https://github.com/Nishanthan15me104/RAG_Applications.git","parent":"53744232c36c5f2b49ea56494fc072c1f3d44a7a","repo_name":"RAG_Applications","root":"68e8e140aeaf9e30cdbbebacbdb5875802a20910","status":null,"user":"Nishanthan15me104"},"message_id":12},"type":"git_metadata"}
{"payload":{"local_timestamp":1750334378985,"message_id":13,"metric":{"epoch":null,"metricName":"sys.cpu.percent.avg","metricValue":0.0,"step":null}},"type":"metric_msg"}
{"payload":{"local_timestamp":1750334378985,"message_id":14,"metric":{"epoch":null,"metricName":"sys.compute.overall","metricValue":0.0,"step":null}},"type":"metric_msg"}
{"payload":{"local_timestamp":1750334378985,"message_id":15,"metric":{"epoch":null,"metricName":"sys.compute.utilized","metricValue":155.2,"step":null}},"type":"metric_msg"}
{"payload":{"local_timestamp":1750334378985,"message_id":16,"metric":{"epoch":null,"metricName":"sys.ram.total","metricValue":8259358720,"step":null}},"type":"metric_msg"}
{"payload":{"local_timestamp":1750334378985,"message_id":17,"metric":{"epoch":null,"metricName":"sys.ram.used","metricValue":7383687168,"step":null}},"type":"metric_msg"}
{"payload":{"local_timestamp":1750334378985,"message_id":18,"metric":{"epoch":null,"metricName":"sys.ram.available","metricValue":875671552,"step":null}},"type":"metric_msg"}
{"payload":{"local_timestamp":1750334378985,"message_id":19,"metric":{"epoch":null,"metricName":"sys.ram.percent.used","metricValue":89.4,"step":null}},"type":"metric_msg"}
{"payload":{"local_timestamp":1750334378985,"message_id":20,"metric":{"epoch":null,"metricName":"sys.load.avg","metricValue":0.0,"step":null}},"type":"metric_msg"}
{"payload":{"additional_params":null,"clean":true,"file_path":"tmpinvncqvd..zip","local_timestamp":1750334380593,"message_id":21,"metadata":{},"upload_type":"git-patch"},"type":"file_upload"}
{"payload":{"local_timestamp":1750334383116,"message_id":22,"output":"INFO:datasets:PyTorch version 2.6.0 available.\n","stderr":true},"type":"standard_output"}
{"payload":{"local_timestamp":1750334383129,"message_id":23,"output":"INFO:datasets:TensorFlow version 2.19.0 available.\n","stderr":true},"type":"standard_output"}
{"payload":{"local_timestamp":1750334394774,"message_id":24,"output":"C:\\Documents\\RAG-SYSTEMS\\6.observability\\app\\api_server.py:8: LangChainDeprecationWarning: Importing FAISS from langchain.vectorstores is deprecated. Please replace deprecated imports:\n\n>> from langchain.vectorstores import FAISS\n\nwith new imports of:\n\n>> from langchain_community.vectorstores import FAISS\nYou can use the langchain cli to **automatically** upgrade many imports. Please see documentation here <https://python.langchain.com/docs/versions/v0_2/>\n  from langchain.vectorstores import FAISS\n","stderr":true},"type":"standard_output"}
{"payload":{"local_timestamp":1750334394871,"message_id":25,"output":"C:\\Documents\\RAG-SYSTEMS\\6.observability\\app\\api_server.py:9: LangChainDeprecationWarning: Importing HuggingFaceEmbeddings from langchain.embeddings is deprecated. Please replace deprecated imports:\n\n>> from langchain.embeddings import HuggingFaceEmbeddings\n\nwith new imports of:\n\n>> from langchain_community.embeddings import HuggingFaceEmbeddings\nYou can use the langchain cli to **automatically** upgrade many imports. Please see documentation here <https://python.langchain.com/docs/versions/v0_2/>\n  from langchain.embeddings import HuggingFaceEmbeddings\n","stderr":true},"type":"standard_output"}
{"payload":{"local_timestamp":1750334398449,"message_id":26,"output":"C:\\Documents\\RAG-SYSTEMS\\6.observability\\app\\api_server.py:21: LangChainDeprecationWarning: The class `HuggingFaceEmbeddings` was deprecated in LangChain 0.2.2 and will be removed in 1.0. An updated version of the class exists in the :class:`~langchain-huggingface package and should be used instead. To use it run `pip install -U :class:`~langchain-huggingface` and import as `from :class:`~langchain_huggingface import HuggingFaceEmbeddings``.\n  HuggingFaceEmbeddings(model_name='sentence-transformers/all-MiniLM-L6-v2'),\n","stderr":true},"type":"standard_output"}
{"payload":{"local_timestamp":1750334402853,"message_id":27,"output":"C:\\Users\\nis44\\AppData\\Local\\Programs\\Python\\Python311\\Lib\\site-packages\\torch\\utils\\_pytree.py:185: FutureWarning: optree is installed but the version is too old to support PyTorch Dynamo in C++ pytree. C++ pytree support is disabled. Please consider upgrading optree using `python3 -m pip install --upgrade 'optree>=0.13.0'`.\n  warnings.warn(\n","stderr":true},"type":"standard_output"}
{"payload":{"local_timestamp":1750334410100,"message_id":28,"metric":{"epoch":null,"metricName":"sys.cpu.percent.avg","metricValue":73.85000000000001,"step":null}},"type":"metric_msg"}
{"payload":{"local_timestamp":1750334410100,"message_id":29,"metric":{"epoch":null,"metricName":"sys.compute.overall","metricValue":73.9,"step":null}},"type":"metric_msg"}
{"payload":{"local_timestamp":1750334410100,"message_id":30,"metric":{"epoch":null,"metricName":"sys.compute.utilized","metricValue":94.4,"step":null}},"type":"metric_msg"}
{"payload":{"local_timestamp":1750334410100,"message_id":31,"metric":{"epoch":null,"metricName":"sys.ram.total","metricValue":8259358720,"step":null}},"type":"metric_msg"}
{"payload":{"local_timestamp":1750334410100,"message_id":32,"metric":{"epoch":null,"metricName":"sys.ram.used","metricValue":7385178112,"step":null}},"type":"metric_msg"}
{"payload":{"local_timestamp":1750334410100,"message_id":33,"metric":{"epoch":null,"metricName":"sys.ram.available","metricValue":874180608,"step":null}},"type":"metric_msg"}
{"payload":{"local_timestamp":1750334410104,"message_id":34,"metric":{"epoch":null,"metricName":"sys.ram.percent.used","metricValue":89.4,"step":null}},"type":"metric_msg"}
{"payload":{"local_timestamp":1750334410104,"message_id":35,"metric":{"epoch":null,"metricName":"sys.load.avg","metricValue":0.7,"step":null}},"type":"metric_msg"}
{"payload":{"local_timestamp":1750334410237,"message_id":36,"metric":{"epoch":null,"metricName":"sys.network.send_bps","metricValue":3768,"step":null}},"type":"metric_msg"}
{"payload":{"local_timestamp":1750334410237,"message_id":37,"metric":{"epoch":null,"metricName":"sys.network.receive_bps","metricValue":4998,"step":null}},"type":"metric_msg"}
{"payload":{"local_timestamp":1750334410347,"message_id":38,"metric":{"epoch":null,"metricName":"sys.disk.read_bps","metricValue":47390551.085460626,"step":null}},"type":"metric_msg"}
{"payload":{"local_timestamp":1750334410347,"message_id":39,"metric":{"epoch":null,"metricName":"sys.disk.write_bps","metricValue":14066602.655874947,"step":null}},"type":"metric_msg"}
{"payload":{"local_timestamp":1750334413016,"message_id":40,"output":"WARNING:urllib3.connectionpool:Retrying (Retry(total=2, connect=None, read=None, redirect=None, status=None)) after connection broken by 'ReadTimeoutError(\"HTTPSConnectionPool(host='www.comet.com', port=443): Read timed out. (read timeout=10)\")': /clientlib/status-report/update\n","stderr":true},"type":"standard_output"}
{"payload":{"local_timestamp":1750334418584,"message_id":41,"output":"WARNING:urllib3.connectionpool:Retrying (Retry(total=2, connect=None, read=None, redirect=None, status=None)) after connection broken by 'ReadTimeoutError(\"HTTPSConnectionPool(host='www.comet.com', port=443): Read timed out. (read timeout=10)\")': /clientlib/rest/v2/write/experiment/output\n","stderr":true},"type":"standard_output"}
{"payload":{"local_timestamp":1750334422587,"message_id":42,"output":"WARNING:urllib3.connectionpool:Retrying (Retry(total=1, connect=None, read=None, redirect=None, status=None)) after connection broken by 'NameResolutionError(\"<urllib3.connection.HTTPSConnection object at 0x0000028F138C6B50>: Failed to resolve 'www.comet.com' ([Errno 11001] getaddrinfo failed)\")': /clientlib/rest/v2/write/experiment/output\n","stderr":true},"type":"standard_output"}
{"payload":{"local_timestamp":1750334424754,"message_id":43,"output":"WARNING:urllib3.connectionpool:Retrying (Retry(total=1, connect=None, read=None, redirect=None, status=None)) after connection broken by 'NewConnectionError('<urllib3.connection.HTTPSConnection object at 0x0000028F11B8B8D0>: Failed to establish a new connection: [WinError 10065] A socket operation was attempted to an unreachable host')': /clientlib/status-report/update\n","stderr":true},"type":"standard_output"}
{"payload":{"local_timestamp":1750334430593,"message_id":44,"output":"WARNING:urllib3.connectionpool:Retrying (Retry(total=0, connect=None, read=None, redirect=None, status=None)) after connection broken by 'NameResolutionError(\"<urllib3.connection.HTTPSConnection object at 0x0000028F16109090>: Failed to resolve 'www.comet.com' ([Errno 11001] getaddrinfo failed)\")': /clientlib/rest/v2/write/experiment/output\n","stderr":true},"type":"standard_output"}
{"payload":{"local_timestamp":1750334432756,"message_id":45,"output":"WARNING:urllib3.connectionpool:Retrying (Retry(total=0, connect=None, read=None, redirect=None, status=None)) after connection broken by 'NameResolutionError(\"<urllib3.connection.HTTPSConnection object at 0x0000028F16430590>: Failed to resolve 'www.comet.com' ([Errno 11001] getaddrinfo failed)\")': /clientlib/status-report/update\n","stderr":true},"type":"standard_output"}
{"payload":{"local_timestamp":1750334432784,"message_id":46,"output":"\u001b[1;38;5;196mCOMET ERROR:\u001b[0m Due to connectivity issues, there's an error in processing the heartbeat. The experiment's status updates might be inaccurate until the connection issues are resolved.\n","stderr":true},"type":"standard_output"}
{"payload":{"local_timestamp":1750334440654,"message_id":47,"output":"WARNING:urllib3.connectionpool:Retrying (Retry(total=2, connect=None, read=None, redirect=None, status=None)) after connection broken by 'NameResolutionError(\"<urllib3.connection.HTTPSConnection object at 0x0000028F2BFADBD0>: Failed to resolve 'www.comet.com' ([Errno 11001] getaddrinfo failed)\")': /clientlib/batch/logger/experiment/parameter\n","stderr":true},"type":"standard_output"}
{"payload":{"local_timestamp":1750334441083,"message_id":48,"metric":{"epoch":null,"metricName":"sys.cpu.percent.avg","metricValue":67.67500000000001,"step":null}},"type":"metric_msg"}
{"payload":{"local_timestamp":1750334441083,"message_id":49,"metric":{"epoch":null,"metricName":"sys.compute.overall","metricValue":67.7,"step":null}},"type":"metric_msg"}
{"payload":{"local_timestamp":1750334441083,"message_id":50,"metric":{"epoch":null,"metricName":"sys.compute.utilized","metricValue":60.1,"step":null}},"type":"metric_msg"}
{"payload":{"local_timestamp":1750334441083,"message_id":51,"metric":{"epoch":null,"metricName":"sys.ram.total","metricValue":8259358720,"step":null}},"type":"metric_msg"}
{"payload":{"local_timestamp":1750334441085,"message_id":52,"metric":{"epoch":null,"metricName":"sys.ram.used","metricValue":7719276544,"step":null}},"type":"metric_msg"}
{"payload":{"local_timestamp":1750334441085,"message_id":53,"metric":{"epoch":null,"metricName":"sys.ram.available","metricValue":540082176,"step":null}},"type":"metric_msg"}
{"payload":{"local_timestamp":1750334441085,"message_id":54,"metric":{"epoch":null,"metricName":"sys.ram.percent.used","metricValue":93.5,"step":null}},"type":"metric_msg"}
{"payload":{"local_timestamp":1750334441085,"message_id":55,"metric":{"epoch":null,"metricName":"sys.load.avg","metricValue":3.8,"step":null}},"type":"metric_msg"}
{"payload":{"local_timestamp":1750334441223,"message_id":56,"metric":{"epoch":null,"metricName":"sys.network.send_bps","metricValue":148,"step":null}},"type":"metric_msg"}
{"payload":{"local_timestamp":1750334441223,"message_id":57,"metric":{"epoch":null,"metricName":"sys.network.receive_bps","metricValue":0,"step":null}},"type":"metric_msg"}
{"payload":{"local_timestamp":1750334441326,"message_id":58,"metric":{"epoch":null,"metricName":"sys.disk.read_bps","metricValue":65574641.47144143,"step":null}},"type":"metric_msg"}
{"payload":{"local_timestamp":1750334441326,"message_id":59,"metric":{"epoch":null,"metricName":"sys.disk.write_bps","metricValue":11316257.311102465,"step":null}},"type":"metric_msg"}
{"payload":{"local_timestamp":1750334444861,"message_id":60,"output":"WARNING:urllib3.connectionpool:Retrying (Retry(total=1, connect=None, read=None, redirect=None, status=None)) after connection broken by 'NameResolutionError(\"<urllib3.connection.HTTPSConnection object at 0x0000028F2BFAE510>: Failed to resolve 'www.comet.com' ([Errno 11001] getaddrinfo failed)\")': /clientlib/batch/logger/experiment/parameter\n","stderr":true},"type":"standard_output"}
{"payload":{"local_timestamp":1750334452868,"message_id":61,"output":"WARNING:urllib3.connectionpool:Retrying (Retry(total=0, connect=None, read=None, redirect=None, status=None)) after connection broken by 'NameResolutionError(\"<urllib3.connection.HTTPSConnection object at 0x0000028F2DECFE90>: Failed to resolve 'www.comet.com' ([Errno 11001] getaddrinfo failed)\")': /clientlib/batch/logger/experiment/parameter\n","stderr":true},"type":"standard_output"}
{"payload":{"local_timestamp":1750334467735,"message_id":62,"output":"WARNING:tensorflow:From C:\\Users\\nis44\\AppData\\Local\\Programs\\Python\\Python311\\Lib\\site-packages\\tf_keras\\src\\losses.py:2976: The name tf.losses.sparse_softmax_cross_entropy is deprecated. Please use tf.compat.v1.losses.sparse_softmax_cross_entropy instead.\n\n","stderr":true},"type":"standard_output"}
{"payload":{"local_timestamp":1750334469420,"message_id":63,"output":"INFO:sentence_transformers.SentenceTransformer:Use pytorch device_name: cpu\n","stderr":true},"type":"standard_output"}
{"payload":{"local_timestamp":1750334469420,"message_id":64,"output":"INFO:sentence_transformers.SentenceTransformer:Load pretrained SentenceTransformer: sentence-transformers/all-MiniLM-L6-v2\n","stderr":true},"type":"standard_output"}
{"payload":{"local_timestamp":1750334471206,"message_id":65,"output":"INFO:faiss.loader:Loading faiss with AVX2 support.\n","stderr":true},"type":"standard_output"}
{"payload":{"local_timestamp":1750334471342,"message_id":66,"output":"INFO:faiss.loader:Successfully loaded faiss with AVX2 support.\n","stderr":true},"type":"standard_output"}
{"payload":{"local_timestamp":1750334471372,"message_id":67,"output":"INFO:faiss:Failed to load GPU Faiss: name 'GpuIndexIVFFlat' is not defined. Will not load constructor refs for GPU indexes.\n","stderr":true},"type":"standard_output"}
{"payload":{"local_timestamp":1750334471394,"message_id":68,"output":"Process SpawnProcess-9:\n","stderr":true},"type":"standard_output"}
{"payload":{"local_timestamp":1750334471415,"message_id":69,"output":"Traceback (most recent call last):\n","stderr":true},"type":"standard_output"}
{"payload":{"local_timestamp":1750334471418,"message_id":70,"output":"  File \"C:\\Users\\nis44\\AppData\\Local\\Programs\\Python\\Python311\\Lib\\multiprocessing\\process.py\", line 314, in _bootstrap\n    self.run()\n","stderr":true},"type":"standard_output"}
{"payload":{"local_timestamp":1750334471422,"message_id":71,"output":"  File \"C:\\Users\\nis44\\AppData\\Local\\Programs\\Python\\Python311\\Lib\\multiprocessing\\process.py\", line 108, in run\n    self._target(*self._args, **self._kwargs)\n","stderr":true},"type":"standard_output"}
{"payload":{"local_timestamp":1750334471424,"message_id":72,"output":"  File \"C:\\Users\\nis44\\AppData\\Local\\Programs\\Python\\Python311\\Lib\\site-packages\\uvicorn\\_subprocess.py\", line 80, in subprocess_started\n    target(sockets=sockets)\n","stderr":true},"type":"standard_output"}
{"payload":{"local_timestamp":1750334471427,"message_id":73,"output":"  File \"C:\\Users\\nis44\\AppData\\Local\\Programs\\Python\\Python311\\Lib\\site-packages\\uvicorn\\server.py\", line 66, in run\n    return asyncio.run(self.serve(sockets=sockets))\n           ^^^^^^^^^^^^^^^^^^^^^^^^^^^^^^^^^^^^^^^^\n","stderr":true},"type":"standard_output"}
{"payload":{"local_timestamp":1750334471430,"message_id":74,"output":"  File \"C:\\Users\\nis44\\AppData\\Local\\Programs\\Python\\Python311\\Lib\\asyncio\\runners.py\", line 190, in run\n    return runner.run(main)\n           ^^^^^^^^^^^^^^^^\n","stderr":true},"type":"standard_output"}
{"payload":{"local_timestamp":1750334471430,"message_id":75,"output":"  File \"C:\\Users\\nis44\\AppData\\Local\\Programs\\Python\\Python311\\Lib\\asyncio\\runners.py\", line 118, in run\n    return self._loop.run_until_complete(task)\n           ^^^^^^^^^^^^^^^^^^^^^^^^^^^^^^^^^^^\n","stderr":true},"type":"standard_output"}
{"payload":{"local_timestamp":1750334471432,"message_id":76,"output":"  File \"C:\\Users\\nis44\\AppData\\Local\\Programs\\Python\\Python311\\Lib\\asyncio\\base_events.py\", line 653, in run_until_complete\n    return future.result()\n           ^^^^^^^^^^^^^^^\n","stderr":true},"type":"standard_output"}
{"payload":{"local_timestamp":1750334471433,"message_id":77,"output":"  File \"C:\\Users\\nis44\\AppData\\Local\\Programs\\Python\\Python311\\Lib\\site-packages\\uvicorn\\server.py\", line 70, in serve\n    await self._serve(sockets)\n","stderr":true},"type":"standard_output"}
{"payload":{"local_timestamp":1750334471433,"message_id":78,"output":"  File \"C:\\Users\\nis44\\AppData\\Local\\Programs\\Python\\Python311\\Lib\\site-packages\\uvicorn\\server.py\", line 77, in _serve\n    config.load()\n","stderr":true},"type":"standard_output"}
{"payload":{"local_timestamp":1750334471437,"message_id":79,"output":"  File \"C:\\Users\\nis44\\AppData\\Local\\Programs\\Python\\Python311\\Lib\\site-packages\\uvicorn\\config.py\", line 435, in load\n    self.loaded_app = import_from_string(self.app)\n                      ^^^^^^^^^^^^^^^^^^^^^^^^^^^^\n","stderr":true},"type":"standard_output"}
{"payload":{"local_timestamp":1750334471437,"message_id":80,"output":"  File \"C:\\Users\\nis44\\AppData\\Local\\Programs\\Python\\Python311\\Lib\\site-packages\\uvicorn\\importer.py\", line 19, in import_from_string\n    module = importlib.import_module(module_str)\n             ^^^^^^^^^^^^^^^^^^^^^^^^^^^^^^^^^^^\n","stderr":true},"type":"standard_output"}
{"payload":{"local_timestamp":1750334471437,"message_id":81,"output":"  File \"C:\\Users\\nis44\\AppData\\Local\\Programs\\Python\\Python311\\Lib\\importlib\\__init__.py\", line 126, in import_module\n    return _bootstrap._gcd_import(name[level:], package, level)\n           ^^^^^^^^^^^^^^^^^^^^^^^^^^^^^^^^^^^^^^^^^^^^^^^^^^^^\n","stderr":true},"type":"standard_output"}
{"payload":{"local_timestamp":1750334471439,"message_id":82,"output":"  File \"<frozen importlib._bootstrap>\", line 1204, in _gcd_import\n","stderr":true},"type":"standard_output"}
{"payload":{"local_timestamp":1750334471439,"message_id":83,"output":"  File \"<frozen importlib._bootstrap>\", line 1176, in _find_and_load\n","stderr":true},"type":"standard_output"}
{"payload":{"local_timestamp":1750334471441,"message_id":84,"output":"  File \"<frozen importlib._bootstrap>\", line 1147, in _find_and_load_unlocked\n","stderr":true},"type":"standard_output"}
{"payload":{"local_timestamp":1750334471441,"message_id":85,"output":"  File \"<frozen importlib._bootstrap>\", line 690, in _load_unlocked\n","stderr":true},"type":"standard_output"}
{"payload":{"local_timestamp":1750334471441,"message_id":86,"output":"  File \"<frozen importlib._bootstrap_external>\", line 940, in exec_module\n","stderr":true},"type":"standard_output"}
{"payload":{"local_timestamp":1750334471441,"message_id":87,"output":"  File \"<frozen importlib._bootstrap>\", line 241, in _call_with_frames_removed\n","stderr":true},"type":"standard_output"}
{"payload":{"local_timestamp":1750334471443,"message_id":88,"output":"  File \"C:\\Documents\\RAG-SYSTEMS\\6.observability\\app\\api_server.py\", line 19, in <module>\n    retriever = FAISS.load_local(\n                ^^^^^^^^^^^^^^^^^\n","stderr":true},"type":"standard_output"}
{"payload":{"local_timestamp":1750334471443,"message_id":89,"output":"  File \"C:\\Users\\nis44\\AppData\\Local\\Programs\\Python\\Python311\\Lib\\site-packages\\langchain_community\\vectorstores\\faiss.py\", line 1205, in load_local\n    index = faiss.read_index(str(path / f\"{index_name}.faiss\"))\n            ^^^^^^^^^^^^^^^^^^^^^^^^^^^^^^^^^^^^^^^^^^^^^^^^^^^\n","stderr":true},"type":"standard_output"}
{"payload":{"local_timestamp":1750334471452,"message_id":90,"output":"  File \"C:\\Users\\nis44\\AppData\\Local\\Programs\\Python\\Python311\\Lib\\site-packages\\faiss\\swigfaiss_avx2.py\", line 10812, in read_index\n    return _swigfaiss_avx2.read_index(*args)\n           ^^^^^^^^^^^^^^^^^^^^^^^^^^^^^^^^^\n","stderr":true},"type":"standard_output"}
{"payload":{"local_timestamp":1750334471455,"message_id":91,"output":"RuntimeError: Error in __cdecl faiss::FileIOReader::FileIOReader(const char *) at D:\\a\\faiss-wheels\\faiss-wheels\\faiss\\faiss\\impl\\io.cpp:68: Error: 'f' failed: could not open faiss_index\\index.faiss for reading: No such file or directory\n","stderr":true},"type":"standard_output"}
{"payload":{"local_timestamp":1750334471488,"message_id":92,"output":"\u001b[1;38;5;39mCOMET INFO:\u001b[0m ---------------------------------------------------------------------------------------\n","stderr":true},"type":"standard_output"}
{"payload":{"local_timestamp":1750334471502,"message_id":93,"output":"\u001b[1;38;5;39mCOMET INFO:\u001b[0m Comet.ml Experiment Summary\n","stderr":true},"type":"standard_output"}
{"payload":{"local_timestamp":1750334471502,"message_id":94,"output":"\u001b[1;38;5;39mCOMET INFO:\u001b[0m ---------------------------------------------------------------------------------------\n","stderr":true},"type":"standard_output"}
{"payload":{"local_timestamp":1750334471510,"message_id":95,"output":"\u001b[1;38;5;39mCOMET INFO:\u001b[0m   Data:\n","stderr":true},"type":"standard_output"}
{"payload":{"local_timestamp":1750334471510,"message_id":96,"output":"\u001b[1;38;5;39mCOMET INFO:\u001b[0m     display_summary_level : 1\n","stderr":true},"type":"standard_output"}
{"payload":{"local_timestamp":1750334471510,"message_id":97,"output":"\u001b[1;38;5;39mCOMET INFO:\u001b[0m     name                  : ordinary_arch_419\n","stderr":true},"type":"standard_output"}
{"payload":{"local_timestamp":1750334471510,"message_id":98,"output":"\u001b[1;38;5;39mCOMET INFO:\u001b[0m     url                   : \u001b[38;5;39mhttps://www.comet.com/nishanthan-sureshkumar/rag-observability/96c0520cb03248daa7e04fa8c62191f9\u001b[0m\n","stderr":true},"type":"standard_output"}
{"payload":{"local_timestamp":1750334471514,"message_id":99,"output":"\u001b[1;38;5;39mCOMET INFO:\u001b[0m   Uploads:\n","stderr":true},"type":"standard_output"}
{"payload":{"local_timestamp":1750334471514,"message_id":100,"output":"\u001b[1;38;5;39mCOMET INFO:\u001b[0m     environment details      : 1\n","stderr":true},"type":"standard_output"}
{"payload":{"local_timestamp":1750334471514,"message_id":101,"output":"\u001b[1;38;5;39mCOMET INFO:\u001b[0m     filename                 : 1\n","stderr":true},"type":"standard_output"}
{"payload":{"local_timestamp":1750334471514,"message_id":102,"output":"\u001b[1;38;5;39mCOMET INFO:\u001b[0m     git metadata             : 1\n","stderr":true},"type":"standard_output"}
{"payload":{"local_timestamp":1750334471514,"message_id":103,"output":"\u001b[1;38;5;39mCOMET INFO:\u001b[0m     git-patch (uncompressed) : 1 (41.24 KB)\n","stderr":true},"type":"standard_output"}
{"payload":{"local_timestamp":1750334471518,"message_id":104,"output":"\u001b[1;38;5;39mCOMET INFO:\u001b[0m     installed packages       : 1\n","stderr":true},"type":"standard_output"}
{"payload":{"local_timestamp":1750334471518,"message_id":105,"output":"\u001b[1;38;5;39mCOMET INFO:\u001b[0m     source_code              : 1 (535 bytes)\n","stderr":true},"type":"standard_output"}
{"payload":{"local_timestamp":1750334471518,"message_id":106,"output":"\u001b[1;38;5;39mCOMET INFO:\u001b[0m \n","stderr":true},"type":"standard_output"}
{"payload":{"local_timestamp":1750334471528,"message_id":107,"output":"WARNING:urllib3.connectionpool:Retrying (Retry(total=2, connect=None, read=None, redirect=None, status=None)) after connection broken by 'NameResolutionError(\"<urllib3.connection.HTTPSConnection object at 0x0000028F33294510>: Failed to resolve 'www.comet.com' ([Errno 11001] getaddrinfo failed)\")': /api/rest/v2/experiment/metadata?experimentKey=96c0520cb03248daa7e04fa8c62191f9\n","stderr":true},"type":"standard_output"}
{"payload":{"local_timestamp":1750334471835,"message_id":108,"metric":{"epoch":null,"metricName":"sys.cpu.percent.avg","metricValue":72.9875,"step":null}},"type":"metric_msg"}
{"payload":{"local_timestamp":1750334471835,"message_id":109,"metric":{"epoch":null,"metricName":"sys.compute.overall","metricValue":73.0,"step":null}},"type":"metric_msg"}
{"payload":{"local_timestamp":1750334471837,"message_id":110,"metric":{"epoch":null,"metricName":"sys.compute.utilized","metricValue":19.1,"step":null}},"type":"metric_msg"}
{"payload":{"local_timestamp":1750334471837,"message_id":111,"metric":{"epoch":null,"metricName":"sys.ram.total","metricValue":8259358720,"step":null}},"type":"metric_msg"}
{"payload":{"local_timestamp":1750334471837,"message_id":112,"metric":{"epoch":null,"metricName":"sys.ram.used","metricValue":7652990976,"step":null}},"type":"metric_msg"}
{"payload":{"local_timestamp":1750334471837,"message_id":113,"metric":{"epoch":null,"metricName":"sys.ram.available","metricValue":606367744,"step":null}},"type":"metric_msg"}
{"payload":{"local_timestamp":1750334471837,"message_id":114,"metric":{"epoch":null,"metricName":"sys.ram.percent.used","metricValue":92.7,"step":null}},"type":"metric_msg"}
{"payload":{"local_timestamp":1750334471837,"message_id":115,"metric":{"epoch":null,"metricName":"sys.load.avg","metricValue":5.01,"step":null}},"type":"metric_msg"}
{"payload":{"local_timestamp":1750334471968,"message_id":116,"metric":{"epoch":null,"metricName":"sys.network.send_bps","metricValue":0,"step":null}},"type":"metric_msg"}
{"payload":{"local_timestamp":1750334471968,"message_id":117,"metric":{"epoch":null,"metricName":"sys.network.receive_bps","metricValue":0,"step":null}},"type":"metric_msg"}
{"payload":{"local_timestamp":1750334472070,"message_id":118,"metric":{"epoch":null,"metricName":"sys.disk.read_bps","metricValue":51303978.85733074,"step":null}},"type":"metric_msg"}
{"payload":{"local_timestamp":1750334472070,"message_id":119,"metric":{"epoch":null,"metricName":"sys.disk.write_bps","metricValue":15291622.301102016,"step":null}},"type":"metric_msg"}
{"payload":{"local_timestamp":1750334475535,"message_id":120,"output":"WARNING:urllib3.connectionpool:Retrying (Retry(total=1, connect=None, read=None, redirect=None, status=None)) after connection broken by 'NameResolutionError(\"<urllib3.connection.HTTPSConnection object at 0x0000028F33294F50>: Failed to resolve 'www.comet.com' ([Errno 11001] getaddrinfo failed)\")': /api/rest/v2/experiment/metadata?experimentKey=96c0520cb03248daa7e04fa8c62191f9\n","stderr":true},"type":"standard_output"}
{"payload":{"local_timestamp":1750334483536,"message_id":121,"output":"WARNING:urllib3.connectionpool:Retrying (Retry(total=0, connect=None, read=None, redirect=None, status=None)) after connection broken by 'NameResolutionError(\"<urllib3.connection.HTTPSConnection object at 0x0000028F332B1410>: Failed to resolve 'www.comet.com' ([Errno 11001] getaddrinfo failed)\")': /api/rest/v2/experiment/metadata?experimentKey=96c0520cb03248daa7e04fa8c62191f9\n","stderr":true},"type":"standard_output"}
{"payload":{"local_timestamp":1750334483536,"message_id":122,"metric":{"epoch":null,"metricName":"process duration","metricValue":115,"step":null}},"type":"metric_msg"}
